MedianEarnings,year,state_po,district,CollegeGrad,NonCollegeGrad,MedianAge,Hispanic,White,Black,NativeAmerican,Asian,republican_president,midterm,pvi,Republican Prob
45852.42,2026,AL,1,27.72,72.28,41.1,4.0,63.8,26.1,0.5,1.6,True,True,27.0,0.999963638016518
45010.78,2026,AL,2,25.7,74.28999999999999,39.0,5.2,58.8,30.3,0.2,1.4,True,True,-5.0,0.027646848253791097
48269.22,2026,AL,3,25.79,74.21,40.1,4.2,67.0,23.2,0.2,1.6,True,True,23.0,0.9998254089795499
44203.06,2026,AL,4,20.5,79.50999999999999,40.8,8.1,80.6,6.3,0.3,0.8,True,True,33.0,0.9999981746146283
54706.6,2026,AL,5,38.2,61.8,39.4,7.0,68.6,17.4,0.3,2.0,True,True,15.0,0.9933126449017652
54938.74,2026,AL,6,39.23,60.77,39.8,6.9,68.1,19.5,0.1,1.8,True,True,20.0,0.9992288768574056
42564.3,2026,AL,7,24.31,75.68,36.9,4.5,36.0,55.2,0.2,1.3,True,True,-13.0,0.0007684091381721024
56289.18,2026,AK,0,32.23,67.75999999999999,36.5,7.5,57.7,2.8,13.0,5.9,True,True,6.0,0.32022664892547736
65310.84,2026,AZ,1,52.42,47.58,42.5,16.9,69.0,3.8,1.1,5.0,True,True,1.0,0.18964312866507832
48496.06,2026,AZ,2,26.45,73.55000000000001,42.6,18.1,54.5,2.9,17.3,1.3,True,True,7.0,0.289272829768646
45447.5,2026,AZ,3,20.61,79.39000000000001,31.5,62.6,19.4,11.0,1.2,2.2,True,True,-22.0,2.7573171509508288e-05
55766.6,2026,AZ,4,40.14,59.87,35.8,29.2,52.7,4.9,1.8,5.8,True,True,-4.0,0.03254325223779227
66489.56,2026,AZ,5,40.96,59.04,38.5,19.6,64.4,3.0,1.0,6.2,True,True,10.0,0.9435413987249066
53871.32,2026,AZ,6,38.89,61.11,46.0,26.3,60.8,3.4,1.1,2.8,True,True,0.0,0.1555636227667865
43756.8,2026,AZ,7,22.29,77.71,34.1,60.3,28.6,3.5,2.5,1.8,True,True,-13.0,0.0010572520826615912
55176.18,2026,AZ,8,32.96,67.05,43.5,21.1,63.8,3.5,1.2,4.3,True,True,8.0,0.8714959960543556
50315.02,2026,AZ,9,24.03,75.97,41.9,30.8,56.4,4.5,0.9,2.0,True,True,15.0,0.9949835687431152
42543.1,2026,AR,1,18.76,81.25,40.4,4.3,73.7,15.8,0.3,0.7,True,True,23.0,0.999851228887533
50167.68,2026,AR,2,32.87,67.13,38.9,6.4,66.7,21.0,0.2,1.6,True,True,8.0,0.8858696295194398
49668.42,2026,AR,3,32.83,67.17,35.8,17.5,60.4,2.4,0.7,3.4,True,True,13.0,0.9863875367418401
40720.96,2026,AR,4,20.12,79.88,40.9,7.8,68.1,18.6,0.3,0.7,True,True,20.0,0.9994116824085271
50075.46,2026,CA,1,23.200000000000003,76.8,38.5,24.2,59.9,1.7,1.2,6.0,True,True,12.0,0.9804046690755326
59066.38,2026,CA,2,43.72,56.28,44.9,21.4,64.3,1.6,1.1,4.2,True,True,-24.0,5.063419694856713e-06
70209.1,2026,CA,3,43.0,57.00000000000001,44.0,15.2,66.5,1.7,0.4,8.9,True,True,2.0,0.30994189077812734
60481.48,2026,CA,4,35.49,64.52,39.6,32.9,48.8,2.9,0.4,9.0,True,True,-17.0,0.00014667384369889045
58372.08,2026,CA,5,31.33,68.66,41.4,29.3,55.8,2.4,0.5,5.9,True,True,8.0,0.8938865439910654
54714.02,2026,CA,6,31.47,68.52,37.6,24.3,45.3,9.0,0.3,11.6,True,True,-8.0,0.006736572570736172
58687.96,2026,CA,7,36.57,63.44,37.6,27.2,30.8,9.6,0.2,23.2,True,True,-16.0,0.00013867441163497083
58999.6,2026,CA,8,30.59,69.41,39.3,37.8,22.6,13.0,0.1,18.8,True,True,-24.0,5.574602143512503e-06
53867.08,2026,CA,9,23.51,76.49,36.0,42.5,26.9,6.9,0.2,17.8,True,True,-1.0,0.13811968845385986
92287.84,2026,CA,10,57.0,43.0,41.5,17.6,46.9,4.8,0.2,22.9,True,True,-18.0,4.829748132536262e-05
104335.8,2026,CA,11,64.05,35.96,40.3,15.2,40.6,4.6,0.1,32.4,True,True,-36.0,1.4589305352886923e-08
69674.86,2026,CA,12,52.97,47.03,38.6,24.8,32.0,14.2,0.1,20.5,True,True,-39.0,5.078679280370042e-09
44286.8,2026,CA,13,14.49,85.50999999999999,32.7,66.1,20.3,2.4,0.1,7.1,True,True,1.0,0.4225005332848727
79597.52,2026,CA,14,47.81999999999999,52.17,40.2,23.5,24.8,5.2,0.2,40.1,True,True,-20.0,1.3494807369326869e-05
78402.9,2026,CA,15,50.13,49.88,41.4,25.6,26.8,2.4,0.2,38.2,True,True,-26.0,9.86701477701872e-07
101378.4,2026,CA,16,64.75,35.25,40.1,19.5,40.7,1.5,0.2,31.6,True,True,-26.0,1.1293227910696237e-06
108610.78,2026,CA,17,64.49000000000001,35.5,37.7,15.0,19.9,2.5,0.2,58.4,True,True,-21.0,4.899521304869068e-06
52277.08,2026,CA,18,23.79,76.21,35.0,66.8,17.4,1.9,0.1,10.5,True,True,-17.0,0.00022197463987413276
70495.3,2026,CA,19,48.040000000000006,51.95,42.1,26.1,46.0,2.1,0.2,19.8,True,True,-18.0,5.41137092920382e-05
58662.52,2026,CA,20,28.68,71.32,35.7,36.2,46.0,3.3,0.4,8.3,True,True,15.0,0.9951860852720886
41570.02,2026,CA,21,16.59,83.4,32.3,65.5,17.5,3.8,0.5,9.4,True,True,-4.0,0.0632181967876896
37203.88,2026,CA,22,9.83,90.17,30.5,76.0,14.0,4.2,0.5,3.3,True,True,1.0,0.4632557943380082
49866.64,2026,CA,23,22.08,77.92,35.4,43.5,37.4,9.0,0.3,4.2,True,True,8.0,0.9225689394728783
54615.44,2026,CA,24,40.16,59.84,37.6,39.2,49.6,1.4,0.2,5.1,True,True,-13.0,0.0008943449985184883
42678.78,2026,CA,25,18.07,81.93,36.4,68.3,21.6,3.1,0.6,3.1,True,True,-3.0,0.10045694880011001
60165.6,2026,CA,26,39.18,60.82,39.7,44.8,40.4,1.8,0.1,7.6,True,True,-8.0,0.007592798498007677
60445.44,2026,CA,27,30.54,69.45,38.4,44.5,30.8,9.3,0.1,11.0,True,True,-3.0,0.06716927074481055
63958.28,2026,CA,28,49.18,50.82,43.0,29.0,25.1,3.2,0.5,37.9,True,True,-15.0,9.653161933764939e-05
43128.22,2026,CA,29,24.53,75.47,36.4,65.7,20.0,4.0,0.1,7.3,True,True,-20.0,5.6480372032265774e-05
64356.84,2026,CA,30,51.760000000000005,48.23,39.9,23.7,53.8,4.0,0.1,12.5,True,True,-22.0,1.0811637941629823e-05
44827.4,2026,CA,31,25.14,74.88,39.4,61.1,13.6,2.7,0.2,19.3,True,True,-10.0,0.002720545550956835
66069.8,2026,CA,32,53.52,46.47,41.2,26.1,49.3,4.4,0.2,14.1,True,True,-17.0,8.427550600513013e-05
47861.12,2026,CA,33,21.55,78.45,33.7,64.3,15.9,8.4,0.2,7.2,True,True,-7.0,0.01782602379996162
43340.22,2026,CA,34,30.35,69.64999999999999,37.0,63.9,11.3,4.1,0.2,17.6,True,True,-28.0,1.0726750096099501e-06
48340.24,2026,CA,35,24.19,75.82000000000001,35.2,65.5,12.6,5.9,0.2,12.7,True,True,-8.0,0.00919353295303654
96839.48,2026,CA,36,67.72999999999999,32.27,40.5,15.7,54.0,4.2,0.1,17.6,True,True,-21.0,1.3168799610402798e-05
43469.54,2026,CA,37,30.6,69.41,35.2,53.7,12.7,21.2,0.1,7.2,True,True,-33.0,1.4988185068825562e-07
53192.92,2026,CA,38,30.22,69.78999999999999,40.5,61.7,12.0,2.4,0.2,21.4,True,True,-10.0,0.002427524367727556
47283.42,2026,CA,39,21.03,78.97,33.2,63.5,18.7,7.8,0.1,5.9,True,True,-7.0,0.01923744556358452
76165.24,2026,CA,40,51.46,48.54,42.5,26.0,45.7,2.4,0.0,20.0,True,True,1.0,0.17067617251100753
57723.36,2026,CA,41,31.92,68.07,40.8,42.0,39.3,5.4,0.2,7.8,True,True,2.0,0.38312653184663076
49344.06,2026,CA,42,26.39,73.62,37.3,65.0,19.0,5.4,0.2,7.0,True,True,-18.0,0.0001316115196124352
44581.48,2026,CA,43,22.91,77.09,36.4,60.6,7.0,20.7,0.2,8.5,True,True,-27.0,2.3228541842183677e-06
45554.56,2026,CA,44,23.37,76.64,37.4,63.8,11.2,9.5,0.1,11.2,True,True,-19.0,7.49691970282555e-05
54655.72,2026,CA,45,40.27,59.73,41.2,31.7,23.9,1.7,0.2,38.6,True,True,-1.0,0.04896738983065903
44049.36,2026,CA,46,22.17,77.82000000000001,35.7,65.4,14.4,1.4,0.1,16.0,True,True,-11.0,0.0023696515687108796
79527.56,2026,CA,47,59.77,40.23,38.6,16.7,49.0,1.9,0.2,25.9,True,True,-3.0,0.02618519733435215
65642.62,2026,CA,48,36.06,63.93000000000001,40.1,28.0,52.7,3.9,0.5,7.9,True,True,7.0,0.833975182813564
65996.66,2026,CA,49,49.38,50.620000000000005,40.8,27.0,57.4,2.1,0.1,6.7,True,True,-4.0,0.03332358807652761
79131.12,2026,CA,50,59.92,40.08,37.2,24.2,51.6,2.4,0.1,14.0,True,True,-16.0,0.00014537421317722545
66317.84,2026,CA,51,46.99,53.00000000000001,36.4,26.2,43.8,5.5,0.2,16.5,True,True,-13.0,0.0005726112466633552
51169.38,2026,CA,52,26.380000000000003,73.61,36.6,61.2,13.5,7.5,0.2,13.3,True,True,-13.0,0.0009514115155411033
69233.9,2026,CO,1,57.85,42.15,35.5,27.9,54.1,8.1,0.2,3.7,True,True,-29.0,6.695221450522883e-07
65160.32,2026,CO,2,61.07,38.92,38.3,14.4,75.8,1.0,0.2,3.5,True,True,-20.0,2.8530449374646865e-05
49950.38,2026,CO,3,33.63,66.37,42.4,25.9,66.7,0.8,1.1,0.9,True,True,5.0,0.675597014633072
69244.5,2026,CO,4,47.5,52.5,39.6,15.5,74.0,1.7,0.2,3.4,True,True,9.0,0.9205851320100487
58194.0,2026,CO,5,44.510000000000005,55.48,35.3,19.2,65.0,5.7,0.2,3.1,True,True,5.0,0.6798004869474279
62373.58,2026,CO,6,45.14,54.86,37.2,24.6,54.0,9.2,0.1,5.5,True,True,-11.0,0.001862131949253363
65500.58,2026,CO,7,50.26,49.74,41.3,15.7,74.6,1.2,0.4,3.2,True,True,-8.0,0.006082857438428016
59019.74,2026,CO,8,30.69,69.31,35.1,38.8,51.2,2.0,0.2,3.0,True,True,0.0,0.2710804214759034
60877.92,2026,CT,1,39.74,60.26,41.2,18.3,56.7,14.2,0.0,6.4,True,True,-12.0,0.0011471660660930473
64918.64,2026,CT,2,40.39,59.60999999999999,42.5,10.8,76.9,3.9,0.2,3.2,True,True,-4.0,0.04021346431238899
61735.46,2026,CT,3,40.77,59.23,41.6,17.3,59.9,13.3,0.1,4.8,True,True,-8.0,0.006563964435294539
73110.32,2026,CT,4,55.17,44.84,40.7,22.7,55.3,10.2,0.1,6.5,True,True,-13.0,0.0006134448296952924
59117.26,2026,CT,5,38.77,61.23,41.3,24.0,57.8,8.2,0.1,3.3,True,True,-3.0,0.06149562448821684
54154.34,2026,DE,0,36.47,63.55,42.0,11.1,58.0,21.7,0.1,4.3,True,True,-8.0,0.006175757704321367
51081.4,2026,FL,1,33.34,66.66,39.2,8.5,68.7,12.5,0.3,2.8,True,True,18.0,0.9983229396048228
48631.74,2026,FL,2,32.11,67.89999999999999,39.9,7.8,62.8,21.4,0.3,2.1,True,True,8.0,0.8794657362481634
46267.94,2026,FL,3,29.61,70.39999999999999,40.6,12.4,64.5,14.3,0.2,3.1,True,True,10.0,0.9491591467113479
48801.34,2026,FL,4,29.05,70.96,38.9,10.5,51.6,29.6,0.1,2.7,True,True,5.0,0.6761793958417486
58876.64,2026,FL,5,45.84,54.15,39.1,12.6,64.3,10.9,0.1,6.2,True,True,10.0,0.9351422323276891
44583.6,2026,FL,6,27.06,72.94,48.4,14.4,68.7,11.1,0.1,1.5,True,True,14.0,0.9901822159531939
51850.96,2026,FL,7,37.21,62.78,41.9,22.5,59.6,9.4,0.1,3.7,True,True,5.0,0.6628299619323543
47277.06,2026,FL,8,33.08,66.92,48.6,12.8,70.6,8.9,0.0,2.2,True,True,11.0,0.9607224150923908
44656.74,2026,FL,9,34.88,65.13,37.8,53.4,27.4,9.6,0.1,4.1,True,True,-4.0,0.043810610939090645
48065.7,2026,FL,10,37.03,62.99,35.3,30.4,33.3,24.9,0.1,4.6,True,True,-13.0,0.0007822142506472185
53873.44,2026,FL,11,39.150000000000006,60.85,45.9,19.6,58.7,12.2,0.1,3.5,True,True,8.0,0.8611443462689103
47845.22,2026,FL,12,24.44,75.57,47.2,15.9,73.2,3.9,0.3,2.0,True,True,17.0,0.9976563035994093
49229.58,2026,FL,13,35.35,64.65,50.7,11.4,73.2,6.6,0.1,3.8,True,True,5.0,0.6128691459556975
53994.28,2026,FL,14,41.66,58.33,40.1,27.5,47.7,14.9,0.0,3.6,True,True,-5.0,0.023640790710949836
49275.16,2026,FL,15,34.33,65.68,37.3,27.1,46.2,15.7,0.1,5.5,True,True,5.0,0.6752649616284042
53751.54,2026,FL,16,37.52,62.48,43.7,23.2,58.4,10.6,0.0,3.2,True,True,7.0,0.822962494506054
48165.34,2026,FL,17,33.98,66.03,55.4,15.6,74.3,4.9,0.1,1.6,True,True,11.0,0.9555877298776448
44161.72,2026,FL,18,23.27,76.72000000000001,40.9,30.7,51.9,12.1,0.2,1.8,True,True,14.0,0.9926074051715237
49270.92,2026,FL,19,37.79,62.21000000000001,53.8,20.5,67.2,7.1,0.1,1.8,True,True,14.0,0.9869482549379212
41950.56,2026,FL,20,25.86,74.13000000000001,39.6,24.8,18.1,49.3,0.1,2.2,True,True,-22.0,1.4977050412465261e-05
51590.2,2026,FL,21,36.05,63.940000000000005,48.5,19.3,61.8,12.9,0.1,1.9,True,True,7.0,0.8062271680262556
50317.14,2026,FL,22,40.650000000000006,59.35000000000001,46.5,28.1,48.1,16.5,0.1,2.8,True,True,-4.0,0.030626872819862656
55423.16,2026,FL,23,44.19,55.8,44.2,23.9,51.8,12.1,0.1,4.0,True,True,-2.0,0.06989182447395967
44228.5,2026,FL,24,34.620000000000005,65.38,38.8,39.2,16.6,39.1,0.1,1.5,True,True,-18.0,8.482161149565626e-05
51835.06,2026,FL,25,42.34,57.64999999999999,41.7,44.7,29.0,15.4,0.1,4.9,True,True,-5.0,0.021666327915207586
43118.68,2026,FL,26,31.89,68.12,44.1,72.3,19.9,4.8,0.1,1.1,True,True,16.0,0.9966632472551499
52714.86,2026,FL,27,45.15,54.85,42.3,71.6,17.2,5.3,0.1,2.1,True,True,6.0,0.759721245027442
47186.96,2026,FL,28,31.04,68.96000000000001,41.0,74.0,14.1,8.2,0.0,1.5,True,True,10.0,0.961290610506045
48050.86,2026,GA,1,30.25,69.75,37.0,8.4,56.3,27.1,0.2,1.6,True,True,8.0,0.8888748122370749
41623.02,2026,GA,2,21.08,78.91999999999999,37.4,6.3,37.6,49.6,0.1,1.4,True,True,-4.0,0.040785416097278954
53454.74,2026,GA,3,30.44,69.55000000000001,40.3,7.4,62.3,23.1,0.1,1.9,True,True,15.0,0.9941233425535774
53933.86,2026,GA,4,43.87,56.12,37.0,11.8,24.4,52.0,0.1,5.9,True,True,-27.0,1.1465554555800027e-06
67948.12,2026,GA,5,55.5,44.5,35.3,7.0,35.1,48.2,0.1,4.2,True,True,-36.0,2.2903785899157875e-08
75667.04,2026,GA,6,58.48,41.53,40.6,11.0,60.8,8.8,0.1,13.4,True,True,-25.0,2.5151050651210346e-06
49050.44,2026,GA,7,40.2,59.8,36.8,25.0,26.8,28.5,0.1,14.9,True,True,11.0,0.9433327858623738
46037.92,2026,GA,8,24.18,75.83,38.0,7.5,57.8,29.0,0.2,1.4,True,True,15.0,0.9945789974037198
50524.9,2026,GA,9,30.98,69.02000000000001,40.9,16.2,62.6,10.1,0.2,5.9,True,True,17.0,0.9973530303260811
48987.9,2026,GA,10,30.770000000000003,69.22,36.9,8.9,60.1,24.3,0.3,2.4,True,True,11.0,0.966985990065562
60132.74,2026,GA,11,45.07,54.940000000000005,37.5,13.3,61.9,14.3,0.2,3.8,True,True,12.0,0.9743761666210932
43974.1,2026,GA,12,24.97,75.03,37.0,6.1,50.9,36.3,0.1,1.8,True,True,7.0,0.8402457569503167
48403.84,2026,GA,13,34.23,65.77,36.4,12.0,14.7,65.1,0.1,3.1,True,True,-21.0,1.8285322502654656e-05
48085.84,2026,GA,14,24.25,75.75,38.8,14.2,66.1,13.8,0.0,1.1,True,True,19.0,0.9991990819997051
56770.42,2026,HI,1,40.53,59.470000000000006,41.0,8.9,14.5,1.6,0.1,48.1,True,True,-13.0,0.00018194690501198064
53120.84,2026,HI,2,33.32,66.67999999999999,41.7,11.4,27.3,1.5,0.1,23.9,True,True,-12.0,0.0006433635074151488
49832.72,2026,ID,1,30.62,69.37,39.4,12.8,79.1,0.7,0.7,1.3,True,True,22.0,0.9997440074136978
49883.6,2026,ID,2,33.83,66.17,35.9,14.9,77.6,0.9,0.7,1.3,True,True,13.0,0.9876850049737117
53885.1,2026,IL,1,30.93,69.07000000000001,39.3,11.1,35.1,47.3,0.1,2.1,True,True,-18.0,8.535139471400899e-05
48673.08,2026,IL,2,25.53,74.47999999999999,39.8,16.3,34.0,45.1,0.1,1.0,True,True,-18.0,9.698575632677686e-05
54796.7,2026,IL,3,37.53,62.48,37.6,46.3,39.2,4.8,0.1,7.0,True,True,-17.0,0.0001608455219093019
49322.86,2026,IL,4,25.630000000000003,74.36000000000001,37.9,64.2,24.6,5.2,0.1,4.4,True,True,-17.0,0.0002263206520856361
84466.1,2026,IL,5,67.07,32.94,37.5,12.4,69.2,3.0,0.1,10.2,True,True,-19.0,3.865675425658757e-05
65391.4,2026,IL,6,45.010000000000005,54.98,42.3,16.4,69.8,5.3,0.0,5.7,True,True,-3.0,0.05386668011852924
65093.54,2026,IL,7,49.21,50.78,36.0,17.9,30.4,38.6,0.0,9.3,True,True,-34.0,5.855082500114745e-08
60114.72,2026,IL,8,41.03,58.97,40.8,26.8,52.1,4.4,0.1,13.2,True,True,-5.0,0.020283210374574853
62968.24,2026,IL,9,57.49,42.510000000000005,41.0,14.1,57.6,8.2,0.1,14.7,True,True,-19.0,2.945755341308265e-05
64400.3,2026,IL,10,46.86,53.15,39.3,25.6,55.2,5.8,0.0,8.3,True,True,-12.0,0.0010876341392492641
65840.84,2026,IL,11,46.24,53.75,39.8,19.9,62.0,5.3,0.1,8.8,True,True,-6.0,0.01422919346166934
48911.58,2026,IL,12,23.79,76.21,41.8,3.1,86.7,5.3,0.1,0.8,True,True,22.0,0.9997777921148823
49290.0,2026,IL,13,33.379999999999995,66.62,38.7,4.6,65.9,18.8,0.2,4.1,True,True,-5.0,0.024411457658627983
56580.68,2026,IL,14,33.52,66.48,38.2,23.9,56.8,9.2,0.1,5.7,True,True,-3.0,0.0674984655932738
53248.04,2026,IL,15,25.98,74.02,42.1,3.0,90.1,2.5,0.1,0.9,True,True,20.0,0.9994758486171516
55390.3,2026,IL,16,31.9,68.09,42.1,7.8,83.5,2.3,0.1,2.5,True,True,11.0,0.9705294779817389
44598.44,2026,IL,17,24.55,75.45000000000002,39.1,11.7,67.7,12.5,0.2,1.9,True,True,-3.0,0.07351076339042752
53087.98,2026,IN,1,26.16,73.83999999999999,40.3,17.8,59.8,16.8,0.0,1.6,True,True,-1.0,0.16652150350376946
47196.5,2026,IN,2,25.16,74.85,38.3,12.2,75.2,6.2,0.1,1.6,True,True,13.0,0.9893476331125476
48056.16,2026,IN,3,26.65,73.35,37.9,7.0,80.3,5.4,0.0,2.9,True,True,16.0,0.9969437202019092
54155.4,2026,IN,4,32.0,68.00999999999999,37.0,7.5,80.7,4.4,0.1,3.4,True,True,15.0,0.9950192448570565
57865.4,2026,IN,5,42.4,57.61,38.5,5.2,80.8,4.8,0.1,3.8,True,True,8.0,0.8798348379915274
53721.86,2026,IN,6,28.96,71.04,38.0,6.0,78.2,5.9,0.1,5.2,True,True,16.0,0.9966506742998631
49781.84,2026,IN,7,38.07,61.92,34.8,15.3,45.6,31.2,0.0,2.2,True,True,-21.0,2.448433071346983e-05
48005.28,2026,IN,8,23.73,76.27000000000001,40.3,3.4,87.6,3.3,0.2,1.0,True,True,18.0,0.9987664230826677
52232.56,2026,IN,9,28.72,71.27999999999999,40.1,4.3,86.9,2.2,0.0,2.0,True,True,15.0,0.9952279360370598
52528.3,2026,IA,1,32.54,67.45,39.3,5.9,83.6,4.0,0.1,2.0,True,True,4.0,0.6162603400534024
50584.26,2026,IA,2,29.61,70.39,40.6,4.1,86.2,4.2,0.3,1.5,True,True,4.0,0.6151058594236705
55238.72,2026,IA,3,36.96,63.040000000000006,37.9,8.8,77.9,5.3,0.0,3.9,True,True,2.0,0.38288817023911115
49907.98,2026,IA,4,26.86,73.14,38.9,10.4,81.9,2.2,0.3,1.9,True,True,15.0,0.9953539829670721
46536.12,2026,KS,1,31.03,68.97,36.5,16.3,74.2,2.8,0.6,1.7,True,True,16.0,0.9966464681969429
46502.2,2026,KS,2,28.270000000000003,71.72999999999999,38.6,13.2,71.4,6.8,0.6,1.9,True,True,10.0,0.9545201983547464
64585.8,2026,KS,3,51.93000000000001,48.07999999999999,38.8,10.8,75.1,5.1,0.2,3.7,True,True,-2.0,0.07541714946623791
48711.24,2026,KS,4,31.04,68.95,37.6,14.3,70.2,6.1,0.5,3.0,True,True,12.0,0.9799262576881913
44211.54,2026,KY,1,20.98,79.02000000000001,40.2,3.8,84.3,6.2,0.2,0.6,True,True,23.0,0.9998611068480666
46395.14,2026,KY,2,23.14,76.87,39.2,4.8,83.4,5.5,0.1,1.6,True,True,20.0,0.9994856167693973
51006.14,2026,KY,3,35.99,64.00999999999999,38.1,8.4,61.6,20.7,0.1,2.9,True,True,-10.0,0.002908757519418198
54791.4,2026,KY,4,31.66,68.34,39.1,4.5,86.8,3.2,0.1,1.0,True,True,18.0,0.9986890390864381
42910.92,2026,KY,5,17.060000000000002,82.94,41.6,1.3,93.3,1.5,0.1,0.4,True,True,32.0,0.9999974822009796
49993.84,2026,KY,6,38.61,61.39,37.4,6.3,79.4,7.5,0.1,2.1,True,True,7.0,0.8356548435356004
54131.02,2026,LA,1,34.64,65.37,40.4,13.1,65.9,12.6,0.7,2.2,True,True,19.0,0.9988543007867842
43553.28,2026,LA,2,28.96,71.04,39.0,8.7,26.1,58.3,0.2,2.4,True,True,-17.0,0.00011036971847911659
46015.66,2026,LA,3,24.36,75.63000000000001,38.0,5.6,64.6,22.6,0.2,1.5,True,True,22.0,0.999747492721621
43246.94,2026,LA,4,20.8,79.21000000000001,39.4,4.7,55.6,33.9,0.5,1.0,True,True,26.0,0.9999507138895976
43017.98,2026,LA,5,20.68,79.31,38.9,3.8,58.3,32.5,0.6,0.8,True,True,18.0,0.9984335361099291
54110.88,2026,LA,6,32.16,67.84,36.7,7.0,62.5,22.1,0.7,2.4,True,True,-8.0,0.007364641740046274
55663.78,2026,ME,1,45.64,54.36,44.5,2.4,88.2,1.9,0.1,1.4,True,True,-11.0,0.0016267860254255283
46820.2,2026,ME,2,28.15,71.85000000000001,45.2,2.0,90.8,1.6,0.6,0.8,True,True,4.0,0.5829350509394537
61449.26,2026,MD,1,35.39,64.61,42.0,6.2,71.3,14.8,0.0,2.5,True,True,8.0,0.8889923148162338
65135.94,2026,MD,2,46.56999999999999,53.43,40.4,6.9,59.0,23.4,0.1,5.8,True,True,-10.0,0.002239854966828489
79974.88,2026,MD,3,52.82,47.190000000000005,40.1,10.4,55.8,15.9,0.1,11.1,True,True,-12.0,0.0008647991435091488
54265.64,2026,MD,4,34.19,65.8,38.1,27.7,9.8,53.1,0.1,4.8,True,True,-39.0,8.235274080170703e-09
76263.82,2026,MD,5,41.68,58.31999999999999,40.0,7.9,40.8,42.2,0.1,2.9,True,True,-17.0,0.00012770020266129428
65725.3,2026,MD,6,41.07,58.93,40.0,15.0,58.2,12.0,0.2,9.1,True,True,-3.0,0.05097722697429867
53848.0,2026,MD,7,32.9,67.10000000000001,36.7,8.6,29.2,54.6,0.1,3.0,True,True,-31.0,2.7965798580620056e-07
81242.64,2026,MD,8,64.56,35.45,40.9,19.5,43.0,17.6,0.1,13.5,True,True,-30.0,2.4886378749470016e-07
54778.68,2026,MA,1,31.61,68.38,42.1,19.4,69.1,5.6,0.0,2.1,True,True,-8.0,0.008821846491786151
65181.52,2026,MA,2,47.8,52.2,39.9,12.0,69.2,4.3,0.0,7.5,True,True,-13.0,0.0006782787008056539
63537.46,2026,MA,3,41.29,58.7,40.4,22.3,58.7,4.3,0.1,8.6,True,True,-11.0,0.0017899166302453831
74946.24,2026,MA,4,51.21,48.79,40.8,7.5,75.0,3.7,0.1,7.2,True,True,-11.0,0.0015984652373196902
81491.74,2026,MA,5,61.81,38.19,39.5,11.8,62.0,5.1,0.1,12.8,True,True,-24.0,4.0884350612198674e-06
73486.62,2026,MA,6,49.12,50.88,42.8,12.3,74.4,3.5,0.1,4.5,True,True,-11.0,0.0017460305571748629
64597.46,2026,MA,7,51.03,48.98,32.9,22.6,38.0,19.9,0.0,11.3,True,True,-34.0,6.54814934382904e-08
79597.52,2026,MA,8,52.86,47.15,39.0,7.8,63.2,10.3,0.1,10.8,True,True,-15.0,0.00025099437971142424
65389.28,2026,MA,9,43.13,56.86,47.1,6.5,82.1,2.7,0.1,1.3,True,True,-6.0,0.015485741267060166
44785.0,2026,MI,1,29.27,70.73,47.4,2.3,89.1,1.0,2.2,0.4,True,True,11.0,0.9539522148113732
46372.88,2026,MI,2,23.15,76.86,41.3,4.8,87.4,1.8,0.5,0.7,True,True,15.0,0.9952334994601149
53356.16,2026,MI,3,39.77,60.24,36.3,10.9,69.9,11.0,0.1,2.8,True,True,-4.0,0.040893415593147436
51792.66,2026,MI,4,34.73,65.28,37.9,9.4,75.5,7.4,0.2,2.5,True,True,3.0,0.49101871562972804
48843.74,2026,MI,5,24.41,75.59,42.5,5.6,84.4,3.9,0.1,0.8,True,True,13.0,0.9888344310363576
65400.94,2026,MI,6,52.28,47.71,39.6,5.3,69.0,9.4,0.2,10.7,True,True,-12.0,0.0007932773858323959
56340.06,2026,MI,7,37.620000000000005,62.370000000000005,39.0,6.0,79.8,5.5,0.1,3.8,True,True,0.0,0.19739416937661947
46371.82,2026,MI,8,23.95,76.05000000000001,41.8,5.7,74.0,15.0,0.2,1.0,True,True,1.0,0.30328223303059576
54546.54,2026,MI,9,29.34,70.64999999999999,44.1,3.8,88.1,2.5,0.1,1.5,True,True,16.0,0.996608619344815
53532.12,2026,MI,10,30.13,69.88,40.7,3.8,70.5,13.4,0.1,6.6,True,True,3.0,0.45977027833153117
65130.64,2026,MI,11,50.32,49.68000000000001,41.1,5.7,67.2,13.1,0.0,8.5,True,True,-9.0,0.0031415779502334358
45020.32,2026,MI,12,27.44,72.56,39.5,3.1,47.3,43.0,0.2,1.9,True,True,-21.0,2.2842929297067452e-05
43348.7,2026,MI,13,22.55,77.46000000000001,35.4,10.9,36.7,44.3,0.2,2.7,True,True,-22.0,1.7717162919667435e-05
54019.72,2026,MN,1,32.14,67.86,39.6,7.5,81.5,3.9,0.3,3.1,True,True,6.0,0.7861688014071112
66190.64,2026,MN,2,42.63,57.38,38.4,8.3,73.4,7.2,0.3,5.4,True,True,-3.0,0.05762823221844586
70216.52,2026,MN,3,51.42,48.580000000000005,41.2,5.4,69.8,10.2,0.2,8.8,True,True,-11.0,0.0013292470068740553
61604.02,2026,MN,4,49.7,50.31,37.4,7.6,62.3,10.8,0.3,13.6,True,True,-18.0,5.652938971755422e-05
63685.86,2026,MN,5,53.75,46.25,35.1,10.4,61.1,16.8,0.4,5.3,True,True,-32.0,1.5582211767155642e-07
64994.96,2026,MN,6,36.96,63.04,37.8,4.5,81.3,5.9,0.2,3.3,True,True,10.0,0.9555425889993931
50225.98,2026,MN,7,25.700000000000003,74.31,41.6,5.6,87.4,1.1,0.6,1.2,True,True,18.0,0.9986388270427856
53451.56,2026,MN,8,28.41,71.6,43.2,2.2,86.6,1.4,3.4,1.2,True,True,7.0,0.7838997011683643
46220.24,2026,MS,1,25.68,74.32,38.3,3.9,63.0,27.0,0.2,0.8,True,True,18.0,0.9984907321955966
38049.76,2026,MS,2,21.29,78.72000000000001,40.4,2.4,31.4,62.3,0.3,0.6,True,True,-11.0,0.0016165379813581674
44603.74,2026,MS,3,28.79,71.22,38.7,3.0,57.9,33.2,1.1,1.1,True,True,14.0,0.9885711421344486
43945.48,2026,MS,4,26.18,73.83,40.0,5.5,66.5,21.3,0.2,1.2,True,True,21.0,0.9995724246579577
51191.64,2026,MO,1,41.06,58.95,37.2,4.8,42.2,44.1,0.1,3.6,True,True,-29.0,5.59422955614046e-07
64372.74,2026,MO,2,50.25,49.74,42.6,3.3,82.7,3.6,0.1,4.6,True,True,4.0,0.5041437759455779
54230.66,2026,MO,3,35.44,64.56,39.6,3.6,84.2,4.5,0.2,2.3,True,True,13.0,0.9864227652993182
45621.34,2026,MO,4,25.75,74.25,39.1,5.1,84.3,4.6,0.2,0.9,True,True,21.0,0.9996485387859523
53192.92,2026,MO,5,36.47,63.53,37.1,12.2,58.4,21.8,0.1,2.0,True,True,-12.0,0.001311779878296991
51829.76,2026,MO,6,27.61,72.39,39.9,4.0,86.5,3.7,0.2,1.1,True,True,19.0,0.9991647610511714
43938.06,2026,MO,7,27.02,72.97,38.8,6.7,83.9,1.5,0.4,1.4,True,True,21.0,0.99962559685377
43679.42,2026,MO,8,22.1,77.89999999999999,40.4,2.5,87.3,3.7,0.2,0.7,True,True,27.0,0.9999748943336492
49846.5,2026,MT,1,38.54,61.45,40.3,4.4,84.7,0.3,3.7,0.9,True,True,5.0,0.5483771552516303
48496.06,2026,MT,2,30.53,69.47,41.1,4.9,81.9,0.5,7.1,0.7,True,True,15.0,0.9845516840483647
54068.48,2026,NE,1,36.06,63.940000000000005,36.3,11.8,77.2,2.9,0.2,2.6,True,True,6.0,0.7922553941873302
57175.34,2026,NE,2,44.41,55.59,36.2,13.5,68.2,8.6,0.1,4.1,True,True,-3.0,0.05732836970114085
47938.5,2026,NE,3,25.56,74.42999999999999,40.1,13.4,80.2,1.3,1.1,0.5,True,True,27.0,0.9999721157997076
45023.5,2026,NV,1,26.77,73.23,39.3,37.1,37.7,9.7,0.2,8.2,True,True,-2.0,0.0944685704871186
53846.94,2026,NV,2,30.090000000000003,69.89,40.6,24.5,62.1,1.7,1.2,4.3,True,True,7.0,0.8358722422941379
53736.7,2026,NV,3,35.11,64.9,40.2,22.2,41.7,8.9,0.4,17.9,True,True,-1.0,0.08887908757778636
47519.8,2026,NV,4,22.57,77.43,37.8,35.8,36.3,15.2,0.5,5.3,True,True,-2.0,0.10863121159699402
63560.78,2026,NH,1,40.7,59.3,43.8,4.7,86.9,1.3,0.1,2.6,True,True,-2.0,0.08980715157722412
61771.5,2026,NH,2,40.8,59.2,43.0,4.6,86.0,1.5,0.2,2.6,True,True,-2.0,0.08799281287572665
58929.64,2026,NJ,1,35.47,64.53,39.5,16.2,58.5,14.7,0.0,5.1,True,True,-10.0,0.0031558483579853555
54015.48,2026,NJ,2,32.41,67.59,43.9,18.2,63.1,10.2,0.2,3.6,True,True,5.0,0.6743376757196352
69384.42,2026,NJ,3,45.94,54.06999999999999,42.6,12.2,61.7,12.7,0.0,7.8,True,True,-5.0,0.020384383338489177
64703.46,2026,NJ,4,39.83,60.16,40.5,11.4,78.6,2.5,0.1,2.7,True,True,14.0,0.9914226656431846
76022.14,2026,NJ,5,55.72,44.290000000000006,43.8,18.0,57.9,4.9,0.1,15.9,True,True,-2.0,0.05056783361083678
63795.04,2026,NJ,6,43.53,56.470000000000006,39.5,24.1,41.8,10.9,0.1,19.0,True,True,-5.0,0.01616029759547063
81781.12,2026,NJ,7,54.85,45.13,43.7,15.0,67.0,4.8,0.1,8.8,True,True,0.0,0.1451998782086364
55478.28,2026,NJ,8,42.53,57.46,35.8,51.2,25.5,7.5,0.1,11.2,True,True,-15.0,0.000310044056043242
53916.9,2026,NJ,9,34.18,65.82000000000001,38.8,43.5,34.7,8.4,0.0,9.5,True,True,-2.0,0.09199638933102201
54329.24,2026,NJ,10,33.71,66.28999999999999,36.8,22.0,18.4,48.0,0.2,6.5,True,True,-27.0,1.507239034961114e-06
85671.32,2026,NJ,11,58.89,41.11,41.9,17.0,60.5,4.9,0.1,12.4,True,True,-5.0,0.016916515070026197
65534.5,2026,NJ,12,47.33,52.66,39.9,24.5,37.3,15.0,0.1,19.6,True,True,-13.0,0.0004481285812592164
49839.08,2026,NM,1,40.24,59.760000000000005,41.4,41.1,45.4,2.7,3.3,2.8,True,True,-7.0,0.006760705735656037
42602.46,2026,NM,2,25.43,74.55,38.0,60.9,28.7,1.6,4.7,1.3,True,True,0.0,0.15388384564936178
43311.6,2026,NM,3,28.56,71.44,40.1,43.7,33.8,0.9,16.9,1.0,True,True,-3.0,0.005999106525161372
73178.16,2026,NY,1,48.32,51.690000000000005,44.8,16.5,69.4,4.2,0.0,5.9,True,True,4.0,0.528471319353557
62740.34,2026,NY,2,32.77,67.22,39.6,29.2,53.4,10.3,0.2,3.2,True,True,6.0,0.8021385612880068
77059.88,2026,NY,3,51.17,48.82,45.3,15.9,53.0,2.7,0.3,23.7,True,True,0.0,0.09486565286517491
73832.18,2026,NY,4,45.06,54.95,41.0,20.9,49.1,17.2,0.0,7.8,True,True,-2.0,0.0778109255160043
51213.9,2026,NY,5,29.25,70.75,41.1,20.4,12.9,40.6,0.3,15.6,True,True,-24.0,4.075602604409964e-06
52005.72,2026,NY,6,38.33,61.67,44.6,26.5,24.3,3.7,0.3,41.5,True,True,-6.0,0.00476415316060363
67287.74,2026,NY,7,49.4,50.61,34.6,32.9,38.1,10.5,0.2,13.2,True,True,-25.0,3.435952397750769e-06
53082.68,2026,NY,8,34.53,65.49,38.5,17.2,28.8,39.5,0.3,8.0,True,True,-24.0,5.080755058444913e-06
53362.52,2026,NY,9,40.43,59.57,37.4,12.4,31.7,40.2,0.1,8.1,True,True,-22.0,1.0933212835216333e-05
92206.22,2026,NY,10,62.22,37.78,36.8,19.7,49.4,5.8,0.2,19.6,True,True,-32.0,1.2331069833935975e-07
58954.02,2026,NY,11,35.93,64.06,41.3,18.8,49.8,6.8,0.2,20.9,True,True,10.0,0.9190607252418391
118839.78,2026,NY,12,81.13,18.86,40.0,12.5,63.4,4.9,0.2,13.2,True,True,-33.0,7.590753580420052e-08
46263.7,2026,NY,13,36.93,63.06999999999999,38.6,51.2,16.0,24.1,0.1,5.3,True,True,-32.0,1.9643813009783858e-07
47140.32,2026,NY,14,30.8,69.19,37.8,51.6,17.9,16.1,0.1,11.0,True,True,-19.0,5.88913292973373e-05
38789.64,2026,NY,15,22.2,77.81,35.7,53.3,9.4,31.5,0.3,2.7,True,True,-27.0,2.3962495596323418e-06
70804.82,2026,NY,16,50.77,49.24,41.2,29.3,39.6,19.4,0.2,6.8,True,True,-18.0,6.896199855647196e-05
72059.86,2026,NY,17,48.85,51.16,40.6,21.3,63.2,6.7,0.0,4.7,True,True,-1.0,0.12497613089884406
59831.7,2026,NY,18,36.39,63.61,39.5,20.5,61.5,10.1,0.1,2.8,True,True,-2.0,0.10105139794722691
53044.52,2026,NY,19,34.91,65.09,42.0,6.7,80.7,3.8,0.1,3.7,True,True,-1.0,0.1340030794544073
62543.18,2026,NY,20,42.36,57.63999999999999,40.2,6.9,72.6,8.2,0.2,4.7,True,True,-8.0,0.00651814726693345
53803.48,2026,NY,21,28.48,71.53,43.1,4.3,87.7,1.6,0.5,1.3,True,True,10.0,0.9553454814128457
54067.42,2026,NY,22,35.9,64.1,40.3,6.1,76.5,8.1,0.3,3.8,True,True,-4.0,0.03875411113382439
53631.76,2026,NY,23,30.75,69.25,44.1,4.3,88.1,2.6,0.4,1.0,True,True,10.0,0.9528503959838225
52826.16,2026,NY,24,27.02,72.98,42.8,4.7,87.1,2.7,0.2,0.8,True,True,11.0,0.9729918368336224
55051.1,2026,NY,25,41.010000000000005,58.99,39.9,9.9,67.9,13.4,0.1,3.6,True,True,-10.0,0.0027117031307508626
50633.02,2026,NY,26,35.56,64.44000000000001,39.0,7.0,66.4,15.8,0.2,6.1,True,True,-11.0,0.0017283559673094868
43887.18,2026,NC,1,23.22,76.78,40.5,8.1,46.9,39.2,0.5,0.9,True,True,1.0,0.26013531528875206
70748.64,2026,NC,2,61.02,38.98,36.8,12.0,54.6,17.9,0.2,10.7,True,True,-17.0,8.017375673433759e-05
45012.9,2026,NC,3,25.44,74.56,38.5,12.0,64.4,16.0,0.4,1.4,True,True,10.0,0.9554973597895825
54691.76,2026,NC,4,47.11,52.89,37.9,13.7,52.5,24.1,0.3,4.2,True,True,-23.0,7.700706192957335e-06
44122.5,2026,NC,5,32.79,67.21,42.2,10.1,72.9,11.8,0.1,1.3,True,True,9.0,0.92066955998419
47295.08,2026,NC,6,33.61,66.39,38.6,10.8,49.6,30.3,0.2,4.1,True,True,9.0,0.9086900925875798
48444.12,2026,NC,7,32.35,67.65,42.3,8.5,62.1,17.0,6.2,1.3,True,True,7.0,0.6477553623417712
49887.84,2026,NC,8,28.0,71.99,41.0,11.4,68.2,12.6,0.3,2.4,True,True,10.0,0.9530494469523327
46832.92,2026,NC,9,30.63,69.37,37.4,13.6,55.2,22.7,1.3,1.7,True,True,8.0,0.8725417511563437
48655.06,2026,NC,10,26.37,73.64,42.9,8.8,75.4,9.3,0.1,2.3,True,True,9.0,0.9317151202679026
43997.42,2026,NC,11,37.25,62.75000000000001,45.7,7.9,82.8,3.1,1.3,1.0,True,True,5.0,0.5999363853728702
54773.38,2026,NC,12,42.47,57.55,36.8,16.3,38.1,34.7,0.2,5.7,True,True,-24.0,5.121032622996364e-06
56879.6,2026,NC,13,42.04,57.96,39.0,13.1,59.0,20.1,0.3,3.0,True,True,8.0,0.8665096194688842
64442.7,2026,NC,14,51.96,48.03,35.8,13.4,55.0,19.7,0.1,5.8,True,True,8.0,0.85102336642274
55327.76,2026,ND,0,33.55,66.45,36.3,4.9,81.5,3.0,4.3,1.5,True,True,18.0,0.9974824015262707
60118.96,2026,OH,1,48.66,51.35,37.2,5.0,67.5,16.8,0.1,4.2,True,True,-3.0,0.04789769295220884
49778.66,2026,OH,2,21.42,78.57999999999998,41.9,1.5,91.9,1.6,0.2,0.5,True,True,24.0,0.9999138065916926
52942.76,2026,OH,3,46.05,53.96,34.7,7.3,53.3,27.7,0.0,5.8,True,True,-21.0,1.897809104360165e-05
54472.34,2026,OH,4,28.880000000000003,71.12,40.5,2.8,85.1,3.8,0.1,3.3,True,True,18.0,0.9986104865579094
51584.9,2026,OH,5,26.31,73.69,40.7,7.6,83.9,3.2,0.1,1.0,True,True,14.0,0.9930210146129707
44306.94,2026,OH,6,21.12,78.86999999999999,44.3,3.6,85.9,5.1,0.0,0.5,True,True,16.0,0.9969234355936595
56460.9,2026,OH,7,37.54,62.47,43.3,4.3,85.8,3.1,0.1,3.0,True,True,5.0,0.6703016811465007
54723.56,2026,OH,8,31.41,68.59,38.9,4.9,73.9,13.0,0.1,2.8,True,True,12.0,0.9801801512329946
50329.86,2026,OH,9,27.92,72.08,41.0,8.0,74.1,11.3,0.1,1.6,True,True,3.0,0.5091786464043769
52259.06,2026,OH,10,33.05,66.94,38.8,4.0,71.1,15.9,0.1,2.1,True,True,3.0,0.4800814774922225
46389.84,2026,OH,11,34.91,65.09,38.4,8.2,41.2,42.8,0.1,3.0,True,True,-28.0,9.565641932200597e-07
53195.04,2026,OH,12,26.62,73.39,39.3,2.2,86.8,3.9,0.1,2.1,True,True,16.0,0.9970194175152763
50876.82,2026,OH,13,35.26,64.73,41.2,2.9,75.7,11.5,0.1,3.5,True,True,0.0,0.18003374675979483
52934.28,2026,OH,14,28.17,71.83,43.0,3.6,85.7,5.1,0.1,1.0,True,True,9.0,0.9353914840300558
54331.36,2026,OH,15,34.28,65.73,37.2,6.3,71.7,12.6,0.1,3.8,True,True,4.0,0.5925961388269301
49564.54,2026,OK,1,33.5,66.51,36.8,14.8,58.6,8.1,5.3,3.5,True,True,11.0,0.9315228161702316
42883.36,2026,OK,2,19.54,80.46,39.7,6.3,62.0,3.1,16.0,0.8,True,True,28.0,0.999806897953718
43474.84,2026,OK,3,22.89,77.11999999999999,34.6,21.6,60.4,4.8,4.1,1.0,True,True,23.0,0.9997705220741065
46895.46,2026,OK,4,27.28,72.69999999999999,37.0,10.9,65.3,6.7,4.6,2.5,True,True,17.0,0.9957961626539695
52285.56,2026,OK,5,39.88,60.13,37.3,11.0,62.4,10.4,3.0,3.6,True,True,9.0,0.875091211669407
64693.92,2026,OR,1,49.99,50.02,38.9,15.9,63.3,2.5,0.4,10.2,True,True,-20.0,2.7774393256968475e-05
44663.1,2026,OR,2,24.02,75.99,42.1,16.3,74.7,0.6,1.3,0.9,True,True,14.0,0.9914220065410561
57797.56,2026,OR,3,42.38,57.62,40.1,15.6,64.0,4.9,0.3,6.8,True,True,-24.0,5.8020923281257344e-06
48269.22,2026,OR,4,32.1,67.89999999999999,42.5,9.5,78.2,0.8,1.1,2.7,True,True,-6.0,0.015601554991433755
58819.4,2026,OR,5,40.49,59.510000000000005,42.4,10.2,78.5,1.7,0.3,3.2,True,True,-4.0,0.0376373928481757
53648.72,2026,OR,6,36.6,63.39,38.9,22.0,65.9,1.2,0.3,3.4,True,True,-6.0,0.018668018552272174
67541.08,2026,PA,1,44.34,55.650000000000006,44.0,6.5,79.4,3.3,0.0,6.0,True,True,-1.0,0.1158494737374523
48005.28,2026,PA,2,26.3,73.70000000000002,36.4,25.5,34.4,25.9,0.1,9.4,True,True,-19.0,6.12039145331157e-05
60071.26,2026,PA,3,45.33,54.66,34.7,7.3,32.0,48.6,0.2,6.4,True,True,-40.0,4.362461291305459e-09
68590.48,2026,PA,4,49.09,50.91,41.7,6.7,73.8,9.1,0.1,6.0,True,True,-8.0,0.005637087784983217
59891.06,2026,PA,5,42.51,57.49,39.3,7.3,57.7,23.2,0.1,7.1,True,True,-15.0,0.00026350083090707807
65745.44,2026,PA,6,49.25,50.760000000000005,39.6,17.0,69.0,4.4,0.1,5.3,True,True,-6.0,0.01483194606388129
53590.42,2026,PA,7,32.47,67.53,41.3,21.3,65.9,4.7,0.1,3.3,True,True,1.0,0.29501966110925587
48576.62,2026,PA,8,27.05,72.94,43.4,15.6,71.5,6.4,0.1,2.1,True,True,4.0,0.6132086407045159
49320.74,2026,PA,9,23.38,76.61,43.2,7.2,86.3,2.1,0.1,1.0,True,True,19.0,0.9991937348238944
54438.42,2026,PA,10,36.33,63.67,40.2,10.9,69.3,9.7,0.1,5.0,True,True,3.0,0.4553111556127555
52696.84,2026,PA,11,30.63,69.38,40.1,9.6,81.1,3.2,0.1,2.0,True,True,11.0,0.9722910888864741
55126.36,2026,PA,12,42.73,57.28,39.7,3.0,73.3,14.6,0.0,4.1,True,True,-10.0,0.0025498160607709468
48822.54,2026,PA,13,21.9,78.1,43.8,3.9,89.1,2.0,0.0,0.7,True,True,23.0,0.999861594197472
48760.0,2026,PA,14,26.55,73.45,45.4,1.8,90.9,2.9,0.1,0.7,True,True,17.0,0.9977768667268865
47343.84,2026,PA,15,26.05,73.95000000000002,42.8,2.2,91.1,2.0,0.1,1.7,True,True,19.0,0.9991045756881248
49430.98,2026,PA,16,29.66,70.33999999999999,43.1,3.0,87.7,4.1,0.0,1.2,True,True,11.0,0.9702933466944651
60450.74,2026,PA,17,46.39,53.61,43.5,2.6,82.1,7.0,0.1,3.1,True,True,-3.0,0.04845244248708015
57889.78,2026,RI,1,38.21,61.8,40.8,20.4,63.2,5.4,0.2,3.5,True,True,-12.0,0.0013138174001177554
59982.22,2026,RI,2,39.85,60.14999999999999,40.8,15.7,72.0,4.3,0.1,3.2,True,True,-4.0,0.04142395071757897
54975.84,2026,SC,1,44.98,55.02,41.4,8.0,68.1,18.2,0.1,1.6,True,True,6.0,0.7178726222682883
52043.88,2026,SC,2,35.82,64.17,39.9,7.7,59.6,24.8,0.1,2.1,True,True,7.0,0.8185977416735506
47478.46,2026,SC,3,26.46,73.54,40.1,6.4,70.7,16.5,0.2,0.9,True,True,21.0,0.999604874769821
52555.86,2026,SC,4,37.12,62.88,38.9,11.7,64.9,16.6,0.1,2.7,True,True,11.0,0.9648324353828711
50135.88,2026,SC,5,29.53,70.48,40.4,6.1,63.7,23.0,0.3,2.1,True,True,11.0,0.9657374281062767
44771.22,2026,SC,6,31.270000000000003,68.72999999999999,37.7,6.7,41.9,45.7,0.2,1.6,True,True,-13.0,0.0007036487957111716
42802.8,2026,SC,7,25.270000000000003,74.72,45.6,5.5,64.1,25.0,0.2,1.1,True,True,12.0,0.975795092512051
50837.6,2026,SD,0,33.300000000000004,66.7,38.5,5.1,79.4,2.3,7.3,1.5,True,True,15.0,0.9838873310453554
42990.42,2026,TN,1,23.22,76.79,44.3,5.3,88.2,2.1,0.1,0.9,True,True,29.0,0.9999884852332125
49746.86,2026,TN,2,35.05,64.95,40.2,5.9,82.7,5.7,0.1,1.5,True,True,17.0,0.9975580193785201
47509.2,2026,TN,3,28.98,71.02,41.1,6.6,77.7,9.6,0.1,1.4,True,True,18.0,0.9985155285738936
49860.28,2026,TN,4,27.03,72.98,38.0,9.1,75.5,8.0,0.1,2.2,True,True,21.0,0.999648676179358
60673.34,2026,TN,5,46.8,53.19,38.5,9.9,68.7,12.3,0.1,3.9,True,True,8.0,0.8663061944578434
50148.6,2026,TN,6,30.48,69.51,39.2,8.3,78.0,8.3,0.1,1.1,True,True,17.0,0.99785864000889
54595.3,2026,TN,7,37.41,62.6,35.6,8.5,70.1,15.3,0.2,1.7,True,True,10.0,0.9521599896396518
51317.78,2026,TN,8,28.81,71.17999999999999,41.4,3.9,72.7,17.0,0.1,1.7,True,True,21.0,0.9995792120458744
44649.32,2026,TN,9,27.12,72.89,34.5,9.9,23.1,61.4,0.1,1.9,True,True,-23.0,9.758108337025978e-06
44408.7,2026,TX,1,22.67,77.32000000000001,39.2,17.8,59.9,16.2,0.3,1.0,True,True,25.0,0.9999366997889427
64646.22,2026,TX,2,39.47,60.53,36.3,33.7,44.8,12.2,0.1,5.2,True,True,12.0,0.9802084260435747
71359.2,2026,TX,3,49.49,50.52,38.0,16.8,53.1,11.2,0.2,13.7,True,True,10.0,0.9246021091710734
64697.1,2026,TX,4,45.63,54.36,38.8,15.0,57.2,8.4,0.3,13.9,True,True,16.0,0.9939715339926531
49762.76,2026,TX,5,25.49,74.51,36.4,32.8,43.4,14.4,0.1,5.0,True,True,13.0,0.9888385272582028
50148.6,2026,TX,6,26.87,73.13,35.2,36.4,42.5,13.8,0.1,3.2,True,True,14.0,0.9932612932182014
53303.16,2026,TX,7,48.91,51.11,34.4,31.7,24.5,20.8,0.1,19.0,True,True,-12.0,0.000666293651596633
53510.92,2026,TX,8,33.39,66.61,36.5,32.8,45.3,11.1,0.1,6.4,True,True,16.0,0.9964063293288548
48208.8,2026,TX,9,31.47,68.53,35.6,40.0,12.3,35.5,0.0,9.8,True,True,-24.0,6.191673939483465e-06
54611.2,2026,TX,10,41.47,58.52,37.0,26.3,54.6,9.2,0.2,5.3,True,True,12.0,0.9762594077138482
50119.98,2026,TX,11,25.45,74.55000000000001,34.7,40.7,41.8,11.2,0.2,2.0,True,True,22.0,0.9998095297323389
57584.5,2026,TX,12,34.980000000000004,65.00999999999999,35.5,24.1,53.3,13.4,0.2,4.3,True,True,11.0,0.9703927547292126
46284.9,2026,TX,13,26.630000000000003,73.37,35.6,29.6,57.3,6.5,0.3,2.6,True,True,24.0,0.999910320809839
54671.62,2026,TX,14,25.35,74.65,38.2,27.2,51.5,14.8,0.2,2.6,True,True,17.0,0.9981184621431699
41772.48,2026,TX,15,23.09,76.9,32.9,81.4,15.0,1.1,0.1,1.1,True,True,7.0,0.9102909106054915
41719.48,2026,TX,16,27.23,72.75999999999999,34.4,82.2,11.5,3.1,0.2,1.2,True,True,-11.0,0.0034442383331015065
49559.24,2026,TX,17,27.91,72.08,36.2,25.7,52.2,14.5,0.2,2.5,True,True,14.0,0.9926378160347272
44766.98,2026,TX,18,29.31,70.69,32.9,43.6,16.9,31.1,0.1,4.9,True,True,-21.0,2.9512976095916623e-05
45941.46,2026,TX,19,24.57,75.42,34.6,39.0,50.3,5.6,0.4,1.4,True,True,25.0,0.9999487588569654
43704.86,2026,TX,20,26.1,73.89,34.0,71.0,16.8,6.1,0.1,3.0,True,True,-12.0,0.0021360550022013224
58863.92,2026,TX,21,46.32,53.68,41.0,32.5,57.7,3.5,0.2,2.5,True,True,11.0,0.9634041646599966
65144.42,2026,TX,22,47.63,52.37,38.2,28.4,38.9,13.4,0.2,15.1,True,True,9.0,0.8829147710012752
51835.06,2026,TX,23,32.09,67.91,34.9,63.0,27.0,3.9,0.2,2.8,True,True,7.0,0.882267749164218
70138.08,2026,TX,24,54.96,45.05,38.5,18.5,59.9,7.6,0.2,8.4,True,True,7.0,0.7773704857886578
51704.68,2026,TX,25,30.67,69.32000000000001,37.8,23.8,56.0,12.7,0.2,3.2,True,True,18.0,0.9985739064771111
68691.18,2026,TX,26,47.51,52.48,38.8,19.8,55.0,9.9,0.1,10.9,True,True,11.0,0.9553799839886759
44962.02,2026,TX,27,22.13,77.86,38.3,54.9,36.5,3.5,0.1,1.7,True,True,14.0,0.9942665942419125
40954.16,2026,TX,28,22.09,77.9,33.4,75.8,16.6,4.4,0.1,1.0,True,True,2.0,0.5261778060769408
39994.86,2026,TX,29,13.64,86.36000000000001,33.0,74.9,7.1,14.7,0.1,1.9,True,True,-12.0,0.002758218421421191
53109.18,2026,TX,30,32.22,67.77,34.6,35.1,16.3,42.3,0.1,3.2,True,True,-25.0,4.788348008556074e-06
61367.64,2026,TX,31,39.54,60.46,37.3,24.6,55.9,7.6,0.1,6.8,True,True,11.0,0.9665820252608599
53313.76,2026,TX,32,40.44,59.56,32.8,37.4,31.1,19.2,0.1,7.8,True,True,-13.0,0.0007948790493400862
43746.2,2026,TX,33,23.81,76.19,33.3,59.1,13.6,15.8,0.1,9.2,True,True,-19.0,8.13094271198583e-05
34885.66,2026,TX,34,19.79,80.21,32.1,90.6,7.5,0.6,0.1,0.6,True,True,0.0,0.3430137143826392
50069.1,2026,TX,35,34.04,65.96,32.8,52.7,27.9,11.6,0.1,3.5,True,True,-19.0,8.362827411776167e-05
54118.3,2026,TX,36,23.51,76.5,37.3,33.0,47.7,11.0,0.1,4.0,True,True,18.0,0.9988694861248988
70862.06,2026,TX,37,65.24,34.76,36.5,27.9,51.7,5.3,0.1,10.1,True,True,-26.0,1.764591504050346e-06
65093.54,2026,TX,38,50.11,49.88,38.3,29.0,46.1,11.1,0.1,9.6,True,True,10.0,0.930990150239453
56671.84,2026,UT,1,38.8,61.19,32.1,14.5,77.8,1.1,0.3,2.2,True,True,10.0,0.9596554116135232
52331.14,2026,UT,2,33.12,66.88,34.5,19.8,70.6,1.0,0.7,2.7,True,True,10.0,0.9579109794462788
59851.84,2026,UT,3,45.47,54.53,31.2,13.2,76.7,0.7,1.4,2.6,True,True,10.0,0.94668094767282
57804.98,2026,UT,4,36.9,63.09,31.1,16.4,73.2,1.3,0.4,2.2,True,True,14.0,0.993052503448006
55348.96,2026,VT,0,43.67,56.32,43.7,2.5,89.3,1.2,0.2,1.7,True,True,-17.0,0.00012615494302019658
63924.36,2026,VA,1,47.6,52.39,41.6,6.4,69.3,12.9,0.2,6.0,True,True,3.0,0.3867944234226425
59208.42,2026,VA,2,38.42,61.57,39.7,7.5,58.4,22.5,0.2,5.7,True,True,0.0,0.16485466170287927
48682.62,2026,VA,3,30.51,69.5,34.7,9.3,38.7,41.4,0.2,2.7,True,True,-18.0,9.079006508218793e-05
53214.12,2026,VA,4,34.3,65.71000000000001,37.7,10.1,42.1,40.4,0.1,2.1,True,True,-17.0,0.00013235608951918862
50034.12,2026,VA,5,35.17,64.84,41.8,4.5,69.0,19.3,0.1,2.0,True,True,6.0,0.7429374163085133
50182.52,2026,VA,6,29.160000000000004,70.84,41.0,8.6,77.3,7.7,0.2,1.6,True,True,12.0,0.9807555085686659
65446.52,2026,VA,7,37.6,62.39999999999999,37.5,19.3,48.6,20.3,0.1,4.5,True,True,-2.0,0.09492596553423241
87095.96,2026,VA,8,66.66,33.349999999999994,38.2,19.8,49.8,12.0,0.1,12.4,True,True,-26.0,1.6641583959487115e-06
44831.64,2026,VA,9,23.89,76.11,44.2,3.5,86.4,5.2,0.1,1.3,True,True,22.0,0.9997504006098973
86024.3,2026,VA,10,57.14,42.84,38.6,18.1,51.5,8.4,0.1,15.9,True,True,-6.0,0.010882800041691636
90237.8,2026,VA,11,66.24000000000001,33.76,39.0,15.3,47.5,8.9,0.0,21.6,True,True,-18.0,4.222603399179722e-05
87419.26,2026,WA,1,54.23,45.76,37.4,11.1,56.4,2.3,0.5,22.6,True,True,-15.0,0.00019269640102208594
60562.04,2026,WA,2,38.06,61.95,40.4,12.1,68.5,2.9,0.9,7.7,True,True,-12.0,0.0010682769794878174
59243.4,2026,WA,3,29.8,70.19,40.3,11.9,74.4,1.6,0.4,3.6,True,True,2.0,0.40945910216834874
48863.88,2026,WA,4,24.26,75.75,35.5,41.5,49.4,1.2,1.6,1.7,True,True,10.0,0.9614488508300593
51867.92,2026,WA,5,30.94,69.07,38.7,9.2,78.8,1.7,1.0,2.3,True,True,5.0,0.6931618407794491
60345.8,2026,WA,6,35.37,64.63,42.5,9.7,72.0,2.9,1.4,4.5,True,True,-10.0,0.0025741280499930815
91094.28,2026,WA,7,68.43,31.57,36.5,9.9,61.9,5.0,0.3,14.4,True,True,-39.0,5.687069719579379e-09
76060.3,2026,WA,8,41.97,58.03,40.0,12.0,64.8,2.0,0.9,11.6,True,True,-3.0,0.04885062312711526
64684.38,2026,WA,9,43.57,56.44,38.0,14.7,39.3,12.6,0.2,23.3,True,True,-22.0,8.603602043075585e-06
62650.24,2026,WA,10,34.67,65.33000000000001,37.3,14.0,58.1,7.0,0.8,7.6,True,True,-9.0,0.004530186291049698
43844.78,2026,WV,1,22.42,77.59,44.1,1.3,90.9,3.2,0.1,0.6,True,True,22.0,0.999764027154924
48853.28,2026,WV,2,25.52,74.47999999999999,41.4,3.0,88.0,3.1,0.1,0.8,True,True,20.0,0.999461162117299
55023.54,2026,WI,1,31.37,68.64,40.6,13.3,73.3,5.3,0.1,1.9,True,True,2.0,0.408727377130575
60625.64,2026,WI,2,47.48,52.53,37.4,7.2,78.6,4.4,0.1,5.0,True,True,-21.0,2.2826650561052296e-05
49900.56,2026,WI,3,28.83,71.17,40.1,3.8,88.9,1.0,0.3,2.4,True,True,3.0,0.5138704158835492
51005.08,2026,WI,4,35.11,64.89999999999999,34.3,19.2,40.0,30.7,0.4,5.2,True,True,-26.0,2.674579755914747e-06
63374.22,2026,WI,5,41.55,58.45,43.0,6.0,85.9,1.8,0.1,3.0,True,True,11.0,0.9651173257354966
54009.12,2026,WI,6,30.01,70.0,42.7,6.0,86.0,2.0,0.3,2.6,True,True,8.0,0.8976920130833271
51646.38,2026,WI,7,26.71,73.28999999999999,45.3,3.0,89.4,0.4,1.6,1.5,True,True,11.0,0.963979822691323
54609.08,2026,WI,8,29.29,70.71,41.5,6.7,83.7,1.5,1.8,2.5,True,True,8.0,0.8798068346032842
49948.26,2026,WY,0,30.43,69.58,39.3,10.8,81.3,0.7,1.6,0.8,True,True,23.0,0.9998125581597338
